"1;Kiss Me More (feat. SZA);Doja Cat;1629684;https://open.spotify.com/track/748mdHapucXQri7IAO8yFK"
"2;RAPSTAR;Polo G;1409001;https://open.spotify.com/track/43PGPuHIlVOc04jrZVh9L6"
"3;Miss The Rage (feat. Playboi Carti);Trippie Redd;1201645;https://open.spotify.com/track/2BITQ360Knh6qNAOqR7Dyq"
"4;MONTERO (Call Me By Your Name);Lil Nas X;1130534;https://open.spotify.com/track/67BtfxlNbhBmCDR2L2l8qd"
"5;Levitating (feat. DaBaby);Dua Lipa;1093928;https://open.spotify.com/track/5nujrmhLynf4yMoMtj8AQF"
"6;i n t e r l u d e;J. Cole;1060567;https://open.spotify.com/track/2gyYjQWXKxemhAyMPgctIx"
"7;Peaches (feat. Daniel Caesar & Giveon);Justin Bieber;1020906;https://open.spotify.com/track/4iJyoBOLtHqaGxP12qzhQI"
"8;deja vu;Olivia Rodrigo;904461;https://open.spotify.com/track/61KpQadow081I2AsbeLcsb"
"9;Astronaut In The Ocean;Masked Wolf;788339;https://open.spotify.com/track/3VT8hOC5vuDXBsHrR53WFh"
"10;Leave The Door Open;Bruno Mars;725009;https://open.spotify.com/track/7MAibcTli4IisCtbHKrGMh"
"11;Wants and Needs (feat. Lil Baby);Drake;703694;https://open.spotify.com/track/65OVbaJR5O1RmwOQx0875b"
"12;Heartbreak Anniversary;Giveon;697957;https://open.spotify.com/track/3FAJ6O0NOHQV8Mc5Ri6ENp"
"13;Your Power;Billie Eilish;690226;https://open.spotify.com/track/5qNh5WtzMbfpSj2jLlBkoD"
"14;Heat Waves;Glass Animals;683665;https://open.spotify.com/track/02MWAaffLxlfxAUY7c5dvx"
"15;Up;Cardi B;648419;https://open.spotify.com/track/1M4OcYkxAtu3ErzSgDEfoi"
"16;Save Your Tears (with Ariana Grande) (Remix);The Weeknd;610357;https://open.spotify.com/track/37BZB0z9T8Xu7U3e65qxFy"
"17;drivers license;Olivia Rodrigo;601664;https://open.spotify.com/track/7lPN2DXiMsVn7XUKtOW1CS"
"18;Calling My Phone;Lil Tjay;580666;https://open.spotify.com/track/3J8EOeKLTLXORtWPpOU5bE"
"19;telepatía;Kali Uchis;580432;https://open.spotify.com/track/6tDDoYIxWvMLTdKpjFkc1B"
"20;Streets;Doja Cat;569132;https://open.spotify.com/track/60ynsPSSKe6O3sfwRnIBRf"
"21;Good Days;SZA;563539;https://open.spotify.com/track/3YJJjQPAbDT7mGpX3WtQ9A"
"22;Solid (feat. Drake);Young Stoner Life;537993;https://open.spotify.com/track/6rTInqW3YECMkQsBEHw4sd"
"23;EVERY CHANCE I GET (feat. Lil Baby & Lil Durk);DJ Khaled;534683;https://open.spotify.com/track/1EJIcDYXwSqipW5dFe4uJz"
"24;Best Friend (feat. Doja Cat);Saweetie;531105;https://open.spotify.com/track/20BOju91NaEFK5Py4VJ2pp"
"25;Never Left;Lil Tecca;506897;https://open.spotify.com/track/21UkXrc9kD48rNpTMI2ecz"
"26;Blinding Lights;The Weeknd;487672;https://open.spotify.com/track/0VjIjW4GlUZAMYd2vXMi3b"
"27;Back In Blood (feat. Lil Durk);Pooh Shiesty;474819;https://open.spotify.com/track/7FGdjbZ32vMybPuP0IuE7d"
"28;Headshot (feat. Polo G & Fivio Foreign);Lil Tjay;472827;https://open.spotify.com/track/4eNOLmx8r2IJAVKvBBL1jv"
"29;Beautiful Mistakes (feat. Megan Thee Stallion);Maroon 5;461475;https://open.spotify.com/track/6fRxMU4LWwyaSSowV441IU"
"30;Martin & Gina;Polo G;454328;https://open.spotify.com/track/1VLtjHwRWOVJiE5Py7JxoQ"
"31;DÁKITI;Bad Bunny;453698;https://open.spotify.com/track/4MzXwWMhyBbmu6hOcLVD49"
"32;What’s Next;Drake;450529;https://open.spotify.com/track/3aQem4jVGdhtg116TmJnHz"
"33;my ex's best friend (with blackbear);Machine Gun Kelly;448057;https://open.spotify.com/track/7kDUspsoYfLkWnZR7qwHZl"
"34;Ramen & OJ;Joyner Lucas;435312;https://open.spotify.com/track/4TIqzdAssasqx3DAe6cG9J"
"35;Mood (feat. iann dior);24kGoldn;430493;https://open.spotify.com/track/4jPy3l0RUwlUI9T5XHBW2m"
"36;Hold On;Justin Bieber;417781;https://open.spotify.com/track/1nahzW3kfMuwReTka28tH5"
"37;Sweater Weather;The Neighbourhood;416867;https://open.spotify.com/track/2QjOHCTQ1Jl3zawyYOpxh6"
"38;WITHOUT YOU (with Miley Cyrus);The Kid LAROI;406645;https://open.spotify.com/track/1EHUQesfVKwbthtNcpBi9g"
"39;One Day;Lovejoy;403178;https://open.spotify.com/track/0IUprcNjE2hDtlvY8rq2W9"
"40;Run It Up (feat. Offset & Moneybagg Yo);Lil Tjay;401793;https://open.spotify.com/track/1dg3qy5DjoJodawfOCgrTP"
"41;What You Need;Don Toliver;397258;https://open.spotify.com/track/6LcX2hBbXaJcK4AuefE936"
"42;Runaway;AURORA;389122;https://open.spotify.com/track/1v1oIWf2Xgh54kIWuKsDf6"
"43;Goosebumps - Remix;Travis Scott;387090;https://open.spotify.com/track/5uEYRdEIh9Bo4fpjDd4Na9"
"44;Save Your Tears;The Weeknd;383256;https://open.spotify.com/track/5QO79kh1waicV47BqGRL3g"
"45;Tampa;Cico P;382955;https://open.spotify.com/track/5jc4Qcs98R4ZDku8ictuE3"
"46;Forever After All;Luke Combs;382853;https://open.spotify.com/track/6IBcOGPsniK3Pso1wHIhew"
"47;No Role Modelz;J. Cole;380675;https://open.spotify.com/track/62vpWI1CHwFy7tMIcSStl8"
"48;4 Da Gang (with Roddy Ricch);42 Dugg;372221;https://open.spotify.com/track/4KIkADzoVm3A10E9qyjsQ5"
"49;Higher Power;Coldplay;366937;https://open.spotify.com/track/0939D7aT18uBDS2MTjWzct"
"50;Big Gangsta;Kevin Gates;366655;https://open.spotify.com/track/03ERnTvSV5fy8WAyvA4uNP"
"51;Dick (feat. Doja Cat);StarBoi3;365195;https://open.spotify.com/track/3nY8AqaMNNHHLYV4380ol0"
"52;Freaks;Surf Curse;361402;https://open.spotify.com/track/0HUTL8i4y4MiGCPId7M7wb"
"53;Lemonade (feat. Gunna; Don Toliver & NAV);Internet Money;354173;https://open.spotify.com/track/7hxHWCCAIIxFLCzvDgnQHX"
"54;ROCKSTAR (feat. Roddy Ricch);DaBaby;352595;https://open.spotify.com/track/7ytR5pFWmSjzHJIeQkgog4"
"55;Body (Remix) [feat. ArrDee; E1 (3x3); ZT (3x3); Bugzy Malone; Buni; Fivio Foreign & Darkoo];Tion Wayne;351795;https://open.spotify.com/track/6uvMKqNlrSvcC4NaKnrwjZ"
"56;WITHOUT YOU;The Kid LAROI;350856;https://open.spotify.com/track/27OeeYzk6klgBh83TSvGMA"
"57;Fiel;Los Legendarios;347538;https://open.spotify.com/track/7Bk0uXKk1uPT0XuQbpFzvs"
"58;On Me;Lil Baby;341964;https://open.spotify.com/track/4Iedi94TIaB2GGb1nMB68v"
"59;For The Night (feat. Lil Baby & DaBaby);Pop Smoke;333785;https://open.spotify.com/track/0PvFJmanyNQMseIFrU708S"
"60;Sunflower - Spider-Man: Into the Spider-Verse;Post Malone;330887;https://open.spotify.com/track/0RiRZpuVRbi7oqRdSMwhQY"
"61;All Girls Are The Same;Juice WRLD;327895;https://open.spotify.com/track/4VXIryQMWpIdGgYR4TrjT1"
"62;Laugh Now Cry Later (feat. Lil Durk);Drake;326817;https://open.spotify.com/track/2SAqBLGA283SUiwJ3xOUVI"
"63;Circles;Post Malone;325954;https://open.spotify.com/track/21jGcNKet2qwijlDFuPiPb"
"64;What You Know Bout Love;Pop Smoke;324705;https://open.spotify.com/track/1tkg4EHVoqnhR6iFEXb60y"
"65;34+35;Ariana Grande;323526;https://open.spotify.com/track/6Im9k8u9iIzKMrmV7BWtlF"
"66;Ski;Young Stoner Life;319285;https://open.spotify.com/track/6755DFiZ7CWe2WMdTGW5C1"
"67;Lucid Dreams;Juice WRLD;318204;https://open.spotify.com/track/285pBltuF7vW8TeWk8hdRR"
"68;Come & Go (with Marshmello);Juice WRLD;317239;https://open.spotify.com/track/2Y0wPrPQBrGhoLn14xRYCG"
"69;Wishing Well;Juice WRLD;316815;https://open.spotify.com/track/2U5WueTLIK5WJLD7mvDODv"
"70;Talking to the Moon;Bruno Mars;314500;https://open.spotify.com/track/161DnLWsx1i3u1JT05lzqU"
"71;Watermelon Sugar;Harry Styles;313823;https://open.spotify.com/track/6UelLqGlWMcVH1E5c4H7lY"
"72;Arcade;Duncan Laurence;309273;https://open.spotify.com/track/1J14CdDAvBTE1AJYUOwl6C"
"73;Beat Box 3 (feat. DaBaby);SpotemGottem;309099;https://open.spotify.com/track/6toQdWWc4noiOk3Eo5mVDS"
"74;Whats Poppin (feat. DaBaby; Tory Lanez & Lil Wayne) [Remix] - Bonus Track;Jack Harlow;308739;https://open.spotify.com/track/0ZLuW8uOXdFNWcI40C0OC2"
"75;Taunt;Lovejoy;307609;https://open.spotify.com/track/0r3QJbwBuR9UL0ai5qDTw7"
"76;Dreams - 2004 Remaster;Fleetwood Mac;305369;https://open.spotify.com/track/0ofHAoxe9vBkTCp2UQIavz"
"77;Someone You Loved;Lewis Capaldi;305173;https://open.spotify.com/track/7qEHsqek33rTcFNT9PFqLf"
"78;you broke me first;Tate McRae;303410;https://open.spotify.com/track/45bE4HXI0AwGZXfZtMp8JR"
"79;WAP (feat. Megan Thee Stallion);Cardi B;303159;https://open.spotify.com/track/4Oun2ylbjFKMPTiaSbbCih"
"80;Cloud 9;Beach Bunny;301396;https://open.spotify.com/track/6vFsBXYczYsP0H3lgunZOm"
"81;positions;Ariana Grande;297013;https://open.spotify.com/track/35mvY5S1H3J2QZyna3TFe0"
"82;Sex Sells;Lovejoy;296078;https://open.spotify.com/track/6ShHxD0hoJSXajmcpQ5Ri8"
"83;I DID IT (feat. Post Malone; Megan Thee Stallion; Lil Baby & DaBaby);DJ Khaled;293972;https://open.spotify.com/track/20GrahbI4AzAOWxpYfDKkf"
"84;Botella Tras Botella;Gera MX;292388;https://open.spotify.com/track/2MnLkFqY9Rpg9s3Zv6ZJdK"
"85;MIDDLE CHILD;J. Cole;291664;https://open.spotify.com/track/2JvzF1RMd7lE3KmFlsyZD8"
"86;Daddy Issues;The Neighbourhood;289355;https://open.spotify.com/track/5E30LdtzQTGqRvNd7l6kG5"
"87;Mr. Perfectly Fine (Taylor’s Version) (From The Vault);Taylor Swift;288667;https://open.spotify.com/track/2CYVETnhM9aytqrazYYwrK"
"88;The Business;Tiësto;288536;https://open.spotify.com/track/6f3Slt0GbA2bPZlz0aIFXN"
"89;We're Good;Dua Lipa;288322;https://open.spotify.com/track/1diS6nkxMQc3wwC4G1j0bh"
"90;Richer (feat. Polo G);Rod Wave;287970;https://open.spotify.com/track/7HsjuVBM93Z2RoxjpWLgTT"
"91;goosebumps;Travis Scott;284922;https://open.spotify.com/track/6gBFPUFcJLzWGx4lenP6h2"
"92;Therefore I Am;Billie Eilish;282873;https://open.spotify.com/track/54bFM56PmE4YLRnqpW6Tha"
"93;Don't Start Now;Dua Lipa;281370;https://open.spotify.com/track/3PfIrDoz19wz7qK7tYeu62"
"94;Blueberry Faygo;Lil Mosey;281291;https://open.spotify.com/track/22LAwLoDA5b4AaGSkg6bKW"
"95;Heather;Conan Gray;280915;https://open.spotify.com/track/4xqrdfXkTW4T0RauPLv3WA"
"96;Robbery;Juice WRLD;280764;https://open.spotify.com/track/6Hj9jySrnFppAI0sEMCZpJ"
"97;Electric Love;BØRNS;277671;https://open.spotify.com/track/2GiJYvgVaD2HtM8GqD9EgQ"
"98;Anyone;Justin Bieber;269670;https://open.spotify.com/track/2WnAKZefdRHxtBEkRjFOHC"
"99;Wasted On You;Morgan Wallen;268071;https://open.spotify.com/track/3cBsEDNhFI9E82vPj3kvi3"
"100;21;Polo G;267988;https://open.spotify.com/track/3JKgcAa7r07ocVWcV8bS0H"
"101;Time Today;Moneybagg Yo;266479;https://open.spotify.com/track/0YrKSfpvflYnLSBd4Jtu6J"
"102;The Box;Roddy Ricch;265784;https://open.spotify.com/track/0nbXyq5TXYPCO7pr3N8S4I"
"103;Life Is Good (feat. Drake);Future;263280;https://open.spotify.com/track/1K5KBOgreBi5fkEHvg5ap3"
"104;20 Min;Lil Uzi Vert;262768;https://open.spotify.com/track/0uxSUdBrJy9Un0EYoBowng"
"105;Mr. Brightside;The Killers;259874;https://open.spotify.com/track/003vvx7Niy0yvhvHt4a68B"
"106;The Good Ones;Gabby Barrett;258858;https://open.spotify.com/track/3hLuHKzG1cmlRpq53ZVWd8"
"107;WHOLE LOTTA MONEY;BIA;258791;https://open.spotify.com/track/5yorXJWdBan1Vlh116ZtQ7"
"108;hot girl bummer;blackbear;257480;https://open.spotify.com/track/2mt1IqcFyY1zmYZT8Q3xw9"
"109;SLOW DANCING IN THE DARK;Joji;255690;https://open.spotify.com/track/0rKtyWc8bvkriBthvHKY8d"
"110;Cupid's Chokehold / Breakfast in America;Gym Class Heroes;253451;https://open.spotify.com/track/2Lhdl74nwwVGOE2Gv35QuK"
"111;Whiskey Glasses;Morgan Wallen;250114;https://open.spotify.com/track/6foY66mWZN0pSRjZ408c00"
"112;Chasing After You (with Maren Morris);Ryan Hurd;250076;https://open.spotify.com/track/1ZIKpMTRPqhwAoVXWY3tXI"
"113;The Spins;Mac Miller;249572;https://open.spotify.com/track/51pshtuYkgUQnt5huMPbKL"
"114;Tongue Tied;Grouplove;249371;https://open.spotify.com/track/0GO8y8jQk1PkHzS31d699N"
"115;lovely (with Khalid);Billie Eilish;248881;https://open.spotify.com/track/0u2P5u6lvoDfwTYjAADbn4"
"116;Holy (feat. Chance The Rapper);Justin Bieber;247974;https://open.spotify.com/track/6Xgq7MvZiet0hVi3KaDSgJ"
"117;love race (feat. Kellin Quinn);Machine Gun Kelly;247714;https://open.spotify.com/track/1F9kEuwT29fgqlovIclu81"
"118;Before You Go;Lewis Capaldi;245987;https://open.spotify.com/track/2gMXnyrvIjhVBUZwvLZDMP"
"119;Put Your Records On;Ritt Momney;245559;https://open.spotify.com/track/6AGOKlMZWLCaEJGnaROtF9"
"120;Whoopty;CJ;244214;https://open.spotify.com/track/1t9WgS8FN0534tLBRwbaxO"
"121;LA NOCHE DE ANOCHE;Bad Bunny;242856;https://open.spotify.com/track/2XIc1pqjXV3Cr2BQUGNBck"
"122;durag activity (with Travis Scott);Baby Keem;242551;https://open.spotify.com/track/4JJcP0Rv9AgyPD6ZGaC8EE"
"123;Would You Go With Me;Josh Turner;242044;https://open.spotify.com/track/1KhrAWvLIjRlQIJtSTgvsi"
"124;Jocelyn Flores;XXXTENTACION;240865;https://open.spotify.com/track/7m9OqQk4RVRkw9JJdeAw96"
"125;Bandit (with YoungBoy Never Broke Again);Juice WRLD;239279;https://open.spotify.com/track/6Gg1gjgKi2AK4e0qzsR7sd"
"126;Ric Flair Drip (& Metro Boomin);Offset;238168;https://open.spotify.com/track/7sO5G9EABYOXQKNPNiE9NR"
"127;Washing Machine Heart;Mitski;237865;https://open.spotify.com/track/4Ys8jQvZOISzmp34BsImRf"
"128;LET IT GO (feat. Justin Bieber & 21 Savage);DJ Khaled;237813;https://open.spotify.com/track/1cEhrSF6EylAEqdhUGuNpX"
"129;Lil Bit;Nelly;237065;https://open.spotify.com/track/0NmuYnjETG3u3qx0OmEJev"
"130;Beautiful Crazy;Luke Combs;236577;https://open.spotify.com/track/2rxQMGVafnNaRaXlRMWPde"
"131;Cause for Concern;Lovejoy;236242;https://open.spotify.com/track/0HaNrvszmWl5vIwKuADD5Z"
"132;POPSTAR (feat. Drake);DJ Khaled;235912;https://open.spotify.com/track/1sbEeUY8KsdvgiQi26JBFz"
"133;Are You Bored Yet? (feat. Clairo);Wallows;235459;https://open.spotify.com/track/57RA3JGafJm5zRtKJiKPIm"
"134;Cigarette Daydreams;Cage The Elephant;235028;https://open.spotify.com/track/0lkQOB949M2gLyut86aJ1b"
"135;Bang!;AJR;233767;https://open.spotify.com/track/5FQPpxOXsvkMN6v18gtpwY"
"136;Dior;Pop Smoke;232622;https://open.spotify.com/track/79s5XnCN4TJKTVMSmOx8Ep"
"137;Tyler Herro;Jack Harlow;231946;https://open.spotify.com/track/3w1WjD2zJqjBjDz5fwqQPJ"
"138;Final Warning;NLE Choppa;231746;https://open.spotify.com/track/3LVcKphzONOdQ2EATazlZq"
"139;Glad You Exist;Dan + Shay;230989;https://open.spotify.com/track/472vIK1ldetTxRxG3ovaiY"
"140;XO Tour Llif3;Lil Uzi Vert;230888;https://open.spotify.com/track/7GX5flRQZVHRAGd6B4TmDO"
"141;More Than My Hometown;Morgan Wallen;230455;https://open.spotify.com/track/5OELUCYgOHKFAvCERnAvfS"
"142;Godzilla (feat. Juice WRLD);Eminem;229504;https://open.spotify.com/track/7FIWs0pqAYbP91WWM0vlTQ"
"143;Slumber Party (feat. Princess Nokia);Ashnikko;229332;https://open.spotify.com/track/11ZulcYY4lowvcQm4oe3VJ"
"144;Looking Out for You;Joy Again;229165;https://open.spotify.com/track/1lpLrlyweOShEKXT1bpcDd"
"145;Work Out;J. Cole;228289;https://open.spotify.com/track/2wAJTrFhCnQyNSD3oUgTZO"
"146;Adore You;Harry Styles;228239;https://open.spotify.com/track/3jjujdWJ72nww5eGnfs2E7"
"147;Wet Dreamz;J. Cole;226608;https://open.spotify.com/track/6Ius4TC0L3cN74HT7ENE6e"
"148;505;Arctic Monkeys;225378;https://open.spotify.com/track/58ge6dfP91o9oXMzq3XkIS"
"149;Passionfruit;Drake;225012;https://open.spotify.com/track/5mCPDVBb16L4XQwDdbRUpz"
"150;Bubblegum Bitch;MARINA;223832;https://open.spotify.com/track/1yOL7ZiXGx5ULeLoktAUAg"
"151;Sand In My Boots;Morgan Wallen;223791;https://open.spotify.com/track/0uRrG2jRR5tuifsYIJHEao"
"152;Real As It Gets (feat. EST Gee);Lil Baby;223618;https://open.spotify.com/track/7eX3um6NpOQKWJMGCi97XD"
"153;The Less I Know The Better;Tame Impala;223150;https://open.spotify.com/track/6K4t31amVTZDgR3sKmwUJJ"
"154;BOP;DaBaby;223142;https://open.spotify.com/track/6Ozh9Ok6h4Oi1wUSLtBseN"
"155;Body;Megan Thee Stallion;223083;https://open.spotify.com/track/0A1hoCfMLkiAgvhWkkucJa"
"156;Cover Me Up;Morgan Wallen;221599;https://open.spotify.com/track/0mKnuxVkPi5h0kuvZl44VM"
"157;Shottas (Lala);Moneybagg Yo;220319;https://open.spotify.com/track/2Ox2c1WEJDeQCHTXPE3YKM"
"158;Everybody Talks;Neon Trees;219665;https://open.spotify.com/track/2iUmqdfGZcHIhS3b9E9EWq"
"159;I Can't Handle Change;Roar;219125;https://open.spotify.com/track/0I1eFRytp4XRhLCjT6tZm7"
"160;Drip Too Hard (Lil Baby & Gunna);Lil Baby;218774;https://open.spotify.com/track/78QR3Wp35dqAhFEc2qAGjE"
"161;The Hills;The Weeknd;218305;https://open.spotify.com/track/7fBv7CLKzipRk6EC6TWHOB"
"162;Pop Out (feat. Lil Tjay);Polo G;217765;https://open.spotify.com/track/6uFn47ACjqYkc0jADwEdj1"
"163;SICKO MODE;Travis Scott;217307;https://open.spotify.com/track/2xLMifQCjDGFmkHkpNLD9h"
"164;Hello (feat. A Boogie Wit da Hoodie);Pop Smoke;216726;https://open.spotify.com/track/2r6OAV3WsYtXuXjvJ1lIDi"
"165;death bed (coffee for your head);Powfu;216313;https://open.spotify.com/track/7eJMfftS33KTjuF7lTsMCx"
"166;HIGHEST IN THE ROOM;Travis Scott;213895;https://open.spotify.com/track/3eekarcy7kvN4yt5ZFzltW"
"167;Knock Knock;SoFaygo;213073;https://open.spotify.com/track/6aHoPULNO7pSL2ZfUY0bU8"
"168;Company (feat. Future);24kGoldn;212880;https://open.spotify.com/track/3JVTsvTldB6arHVlmxmTnM"
"169;t r a n s p a r e n t s o u l feat.Travis Barker;WILLOW;212747;https://open.spotify.com/track/1QL7nSDZCwZMnbisV4KOXt"
"170;7 Summers;Morgan Wallen;212582;https://open.spotify.com/track/4obHzpwGrjoTuZh2DItEMZ"
"171;Dear Maria; Count Me In;All Time Low;212433;https://open.spotify.com/track/0JJP0IS4w0fJx01EcrfkDe"
"172;GO (feat. Juice WRLD);The Kid LAROI;211937;https://open.spotify.com/track/2rPHUAeUPbNgTmK18FPTiZ"
"173;Be Like That - feat. Swae Lee & Khalid;Kane Brown;211167;https://open.spotify.com/track/5f1joOtoMeyppIcJGZQvqJ"
"174;Yellow;Coldplay;210757;https://open.spotify.com/track/3AJwUDP919kvQ9QcozQPxg"
"175;Ballin' (with Roddy Ricch);Mustard;210333;https://open.spotify.com/track/3QzAOrNlsabgbMwlZt7TAY"
"176;Go Crazy;Chris Brown;209438;https://open.spotify.com/track/1IIKrJVP1C9N7iPtG6eOsK"
"177;Money Trees;Kendrick Lamar;209257;https://open.spotify.com/track/2HbKqm4o0w5wEeEFXm2sD4"
"178;Tennessee Whiskey;Chris Stapleton;209125;https://open.spotify.com/track/3fqwjXwUGN6vbzIwvyFMhx"
"179;The Way Life Goes (feat. Oh Wonder);Lil Uzi Vert;208841;https://open.spotify.com/track/2eAZfqOm4EnOF9VvN50Tyc"
"180;If the World Was Ending - feat. Julia Michaels;JP Saxe;208711;https://open.spotify.com/track/2kJwzbxV2ppxnQoYw4GLBZ"
"181;Star Shopping;Lil Peep;208704;https://open.spotify.com/track/30bqVoKjX479ab90a8Pafp"
"182;Track Star;Mooski;208423;https://open.spotify.com/track/5hChuUMe5iHfjkXgzj1D4b"
"183;Say You Won't Let Go;James Arthur;208164;https://open.spotify.com/track/5uCax9HTNlzGybIStD3vDh"
"184;SAD!;XXXTENTACION;207890;https://open.spotify.com/track/3ee8Jmje8o58CHK66QrVC2"
"185;After Party;Don Toliver;207887;https://open.spotify.com/track/527k23H0A4Q0UJN3vGs0Da"
"186;Space Song;Beach House;207697;https://open.spotify.com/track/7H0ya83CMmgFcOhw0UB6ow"
"187;The Night We Met;Lord Huron;206683;https://open.spotify.com/track/3hRV0jL3vUpRrcy398teAU"
"188;July;Noah Cyrus;206178;https://open.spotify.com/track/6J2LdBN97cDWn0MLxYh9HB"
"189;bad guy;Billie Eilish;205713;https://open.spotify.com/track/2Fxmhks0bxGSBdJ92vM42m"
"190;Jealous;Eyedress;205365;https://open.spotify.com/track/5KbTBSGUvgDg75gIVhUaAW"
"191;Chasin' You;Morgan Wallen;205319;https://open.spotify.com/track/5MwynWK9s4hlyKHqhkNn4A"
"192;Take Me To Church;Hozier;205109;https://open.spotify.com/track/3dYD57lRAUcMHufyqn9GcI"
"193;Don't Stop Believin';Journey;205056;https://open.spotify.com/track/4bHsxqR3GMrXTxEPLuK5ue"
"194;everything i wanted;Billie Eilish;204587;https://open.spotify.com/track/3ZCTVFBt2Brf31RLEnCkWJ"
"195;Falling;Harry Styles;204332;https://open.spotify.com/track/1ZMiCix7XSAbfAJlEZWMCp"
"196;I Fall Apart;Post Malone;203033;https://open.spotify.com/track/75ZvA4QfFiZvzhj2xkaWAh"
"197;You;Regard;202971;https://open.spotify.com/track/2cc8Sw1OnCuA5bV8nqWqpE"
"198;Going Bad (feat. Drake);Meek Mill;202774;https://open.spotify.com/track/2IRZnDFmlqMuOrYOLnZZyc"
"199;Hayloft;Mother Mother;202153;https://open.spotify.com/track/2kS6td1yvmpNgZTt1q5pQq"
"200;A-O-K;Tai Verdes;202123;https://open.spotify.com/track/1v3Ozpbcx2B926aVW0UuXk"
